Store,Menu
라그로타,빵 추가 (1인)
라그로타,한우 (200g)
라그로타,콜라
라그로타,버섯 크림 리조또
라그로타,해산물 토마토 스튜 파스타
라그로타,모둠 해산물 플래터
라그로타,스프라이트
라그로타,카스
라그로타,G-Charge(3)
라그로타,시저 샐러드 
라그로타,아메리카노
라그로타,하이네켄(생)
라그로타,Gls.Sileni
라그로타,Gls.미션 서드
라그로타,양갈비 (4ps)
라그로타,그릴드 비프 샐러드
라그로타,자몽리치에이드
라그로타,까르보나라
라그로타,AUS (200g)
라그로타,해산물 토마토 스파게티
라그로타,미션 서드 카베르네 쉬라
라그로타,해산물 토마토 리조또
라그로타,Open Food
라그로타,알리오 에 올리오 
라그로타,제로콜라
화담숲주막,참살이 막걸리
화담숲주막,해물파전
화담숲주막,스프라이트
화담숲주막,찹쌀식혜
화담숲주막,콜라
화담숲주막,병천순대
화담숲주막,느린마을 막걸리
화담숲주막,단호박 식혜 
연회장,Conference L2
연회장,Convention Hall
연회장,매콤 무뼈닭발&계란찜
연회장,Conference M9
연회장,모둠 돈육구이(3인)
연회장,왕갈비치킨
연회장,야채추가
연회장,Conference M8
연회장,로제 치즈떡볶이
연회장,공깃밥
연회장,Regular Coffee
연회장,OPUS 2
연회장,주먹밥 (2ea)
연회장,Conference L3
연회장,삼겹살추가 (200g)
연회장,마라샹궈
연회장,Grand Ballroom
연회장,골뱅이무침
연회장,돈목살 김치찌개 (밥포함)
연회장,Cass Beer
연회장,Conference M1
연회장,Cookie Platter
연회장,Conference L1
포레스트릿,떡볶이
포레스트릿,스프라이트
포레스트릿,카페라떼(HOT)
포레스트릿,아메리카노(ICE)
포레스트릿,페스츄리 소시지
포레스트릿,생수
포레스트릿,코카콜라
포레스트릿,치즈 핫도그
포레스트릿,복숭아 아이스티
포레스트릿,카페라떼(ICE)
포레스트릿,아메리카노(HOT)
포레스트릿,꼬치어묵
화담숲카페,아메리카노 HOT
화담숲카페,메밀미숫가루
화담숲카페,카페라떼 ICE
화담숲카페,현미뻥스크림
화담숲카페,아메리카노 ICE
담하,메밀면 사리
담하,갑오징어 비빔밥
담하, 한우 불고기 정식
담하,더덕 한우 지짐
담하,(후식) 물냉면
담하,제로콜라
담하,한우 떡갈비 정식
담하,(후식) 된장찌개
담하,스프라이트
담하,문막 복분자 칵테일
담하,(정식) 된장찌개
담하,한우 미역국 정식
담하,황태해장국
담하,(정식) 물냉면 
담하,봉평메밀 물냉면
담하,콜라
담하,(단체) 황태해장국 3/27까지
담하, 한우 불고기
담하,(정식) 비빔냉면
담하,라면사리
담하,(후식) 비빔냉면
담하,참이슬
담하,(단체) 한우 우거지 국밥
담하,(단체) 공깃밥
담하,카스
담하,한우 차돌박이 된장찌개
담하,테라
담하,꼬막 비빔밥
담하,명태회 비빔냉면
담하,은이버섯 갈비탕
담하,들깨 양지탕
담하,룸 이용료
담하,갱시기
담하,생목살 김치찌개
담하,(단체) 은이버섯 갈비탕
담하,느린마을 막걸리
담하,한우 우거지 국밥
담하,처음처럼
담하,공깃밥
담하,명인안동소주
담하,하동 매실 칵테일
담하,(단체) 생목살 김치전골 2.0
미라시아,콥 샐러드
미라시아,애플망고 에이드
미라시아,레인보우칵테일(알코올)
미라시아,공깃밥
미라시아,코카콜라(제로)
미라시아,오븐구이 윙과 킬바사소세지
미라시아,보일링 랍스타 플래터(덜매운맛)
미라시아,유자 하이볼
미라시아,BBQ 고기추가
미라시아,핑크레몬에이드
미라시아,BBQ Platter
미라시아,파스타면 추가(150g)
미라시아, 브런치 (패키지)
미라시아,버드와이저(무제한)
미라시아,(오븐) 하와이안 쉬림프 피자
미라시아,브런치(대인) 주말
미라시아,브런치(어린이)
미라시아,칠리 치즈 프라이
미라시아,브런치(대인) 주중
미라시아,브런치 4인 패키지 
미라시아,잭 애플 토닉
미라시아,"(단체)브런치주중 36,000"
미라시아,스텔라(무제한)
미라시아,보일링 랍스타 플래터
미라시아,쉬림프 투움바 파스타
미라시아,글라스와인 (레드)
미라시아,(화덕) 불고기 페퍼로니 반반피자
미라시아,브런치 2인 패키지 
미라시아,코카콜라
미라시아,스프라이트
미라시아,얼그레이 하이볼
카페테리아,짬뽕밥
카페테리아,샷 추가
카페테리아,카페라떼(ICE)
카페테리아,공깃밥(추가)
카페테리아,약 고추장 돌솥비빔밥
카페테리아,짬뽕
카페테리아,단체식 18000(신)
카페테리아,수제 등심 돈까스
카페테리아,아메리카노(ICE)
카페테리아,진사골 설렁탕
카페테리아,치즈돈까스
카페테리아,카페라떼(HOT)
카페테리아,짜장면
카페테리아,짜장밥
카페테리아,오픈푸드
카페테리아,어린이 돈까스
카페테리아,단체식 13000(신)
카페테리아,복숭아 아이스티
카페테리아,구슬아이스크림
카페테리아,한상 삼겹구이 정식(2인) 소요시간 약 15~20분
카페테리아,새우 볶음밥
카페테리아,아메리카노(HOT)
카페테리아,새우튀김 우동
카페테리아,돼지고기 김치찌개
느티나무 셀프BBQ,일회용 소주컵
느티나무 셀프BBQ,콜라 (단체)
느티나무 셀프BBQ,허브솔트
느티나무 셀프BBQ,참이슬 (단체)
느티나무 셀프BBQ,"대여료 90,000원"
느티나무 셀프BBQ,일회용 종이컵
느티나무 셀프BBQ,쌈장
느티나무 셀프BBQ,잔디그늘집 의자 추가
느티나무 셀프BBQ,카스 병(단체)
느티나무 셀프BBQ,BBQ55(단체)
느티나무 셀프BBQ,친환경 접시 14cm
느티나무 셀프BBQ,신라면
느티나무 셀프BBQ,스프라이트 (단체)
느티나무 셀프BBQ,1인 수저세트
느티나무 셀프BBQ,잔디그늘집 대여료 (12인석)
느티나무 셀프BBQ,"대여료 30,000원"
느티나무 셀프BBQ,"본삼겹 (단품,실내)"
느티나무 셀프BBQ,햇반
느티나무 셀프BBQ,쌈야채세트
느티나무 셀프BBQ,친환경 접시 23cm
느티나무 셀프BBQ,잔디그늘집 대여료 (6인석)
느티나무 셀프BBQ,육개장 사발면
느티나무 셀프BBQ,"대여료 60,000원"
