trial_number,stage,objective_value,params,state,ckpt_path,cfg_path,best_val_loss
0,stage1,181.09660041313572,"{'w_mae': 0.3745401188473625, 'w_mse': 0.9507143064099162, 'w_smape': 0.7319939418114051, 'smape_delta': 0.058006322999333615, 'smape_eps': 0.0002636875533972306, 'batch_size': 512, 'epochs': 21, 'd_model': 256, 'n_heads': 8, 'depth': 3, 'patch_len': 7, 'stride': 2, 'dropout': 0.15427033152408348, 'lr': 0.000750011895041699, 'wd_is_zero': False, 'weight_decay_pos': 7.122305833333853e-08}",COMPLETE,optuna_trial_results/stage1_trial_000/best.pt,optuna_trial_results/stage1_trial_000/config.json,181.09660041313572
1,stage1,203.53595901601415,"{'w_mae': 0.06505159298527952, 'w_mse': 0.9488855372533332, 'w_smape': 0.9656320330745594, 'smape_delta': 0.1369060876012629, 'smape_eps': 0.0006639623079859465, 'batch_size': 256, 'epochs': 16, 'd_model': 256, 'n_heads': 8, 'depth': 2, 'patch_len': 4, 'stride': 2, 'dropout': 0.0975990992289793, 'lr': 0.00037507963596256056, 'wd_is_zero': False, 'weight_decay_pos': 6.078083099681936e-07}",COMPLETE,optuna_trial_results/stage1_trial_001/best.pt,optuna_trial_results/stage1_trial_001/config.json,203.53595901601415
2,stage1,212.39230429647859,"{'w_mae': 0.28093450968738076, 'w_mse': 0.5426960831582485, 'w_smape': 0.14092422497476265, 'smape_delta': 0.13347427443576154, 'smape_eps': 0.00015893148858258123, 'batch_size': 128, 'epochs': 15, 'd_model': 128, 'n_heads': 8, 'depth': 3, 'patch_len': 12, 'stride': 1, 'dropout': 0.21397343616689848, 'lr': 0.0013297554090738672, 'wd_is_zero': False, 'weight_decay_pos': 2.944272359149678e-06}",COMPLETE,optuna_trial_results/stage1_trial_002/best.pt,optuna_trial_results/stage1_trial_002/config.json,212.39230429647859
3,stage1,166.26314284908065,"{'w_mae': 0.5227328293819941, 'w_mse': 0.42754101835854963, 'w_smape': 0.02541912674409519, 'smape_delta': 0.007777092781265553, 'smape_eps': 0.0001215700035639442, 'batch_size': 128, 'epochs': 24, 'd_model': 256, 'n_heads': 8, 'depth': 4, 'patch_len': 12, 'stride': 2, 'dropout': 0.033015577358303023, 'lr': 0.00021711402231880007, 'wd_is_zero': False, 'weight_decay_pos': 0.00020121155449063808}",COMPLETE,optuna_trial_results/stage1_trial_003/best.pt,optuna_trial_results/stage1_trial_003/config.json,166.26314284908065
4,stage1,209.37458713199163,"{'w_mae': 0.006952130531190703, 'w_mse': 0.5107473025775657, 'w_smape': 0.417411003148779, 'smape_delta': 0.01241398697114801, 'smape_eps': 0.0002106265096461377, 'batch_size': 256, 'epochs': 20, 'd_model': 256, 'n_heads': 4, 'depth': 2, 'patch_len': 12, 'stride': 4, 'dropout': 0.07261658145345012, 'lr': 0.0009836162684900027, 'wd_is_zero': True}",COMPLETE,optuna_trial_results/stage1_trial_004/best.pt,optuna_trial_results/stage1_trial_004/config.json,209.37458713199163
5,stage1,84.38172196819059,"{'w_mae': 0.7282163486118596, 'w_mse': 0.3677831327192532, 'w_smape': 0.6323058305935795, 'smape_delta': 0.06690855515432795, 'smape_eps': 0.002792799778748392, 'batch_size': 256, 'epochs': 17, 'd_model': 256, 'n_heads': 4, 'depth': 4, 'patch_len': 6, 'stride': 1, 'dropout': 0.24516666006036475, 'lr': 0.000660843951593475, 'wd_is_zero': True}",COMPLETE,optuna_trial_results/stage1_trial_005/best.pt,optuna_trial_results/stage1_trial_005/config.json,84.38172196819059
6,stage1,213.77387331778607,"{'w_mae': 0.09310276780589921, 'w_mse': 0.8972157579533268, 'w_smape': 0.9004180571633305, 'smape_delta': 0.06679133932780128, 'smape_eps': 0.0008223017918502929, 'batch_size': 512, 'epochs': 24, 'd_model': 384, 'n_heads': 8, 'depth': 3, 'patch_len': 8, 'stride': 1, 'dropout': 0.22394742153540723, 'lr': 0.0009111430418810842, 'wd_is_zero': True}",COMPLETE,optuna_trial_results/stage1_trial_006/best.pt,optuna_trial_results/stage1_trial_006/config.json,213.77387331778607
7,stage1,44.962955808564836,"{'w_mae': 0.5683086033354716, 'w_mse': 0.09367476782809248, 'w_smape': 0.3677158030594335, 'smape_delta': 0.014809483971727143, 'smape_eps': 0.0004555339282531123, 'batch_size': 128, 'epochs': 21, 'd_model': 128, 'n_heads': 4, 'depth': 3, 'patch_len': 7, 'stride': 4, 'dropout': 0.28908599312677585, 'lr': 0.0018196941426454093, 'wd_is_zero': False, 'weight_decay_pos': 0.0001801703646753893}",COMPLETE,optuna_trial_results/stage1_trial_007/best.pt,optuna_trial_results/stage1_trial_007/config.json,44.962955808564836
8,stage1,70.89499700803442,"{'w_mae': 0.31692200515627766, 'w_mse': 0.1694927466860925, 'w_smape': 0.5568012624583502, 'smape_delta': 0.23099085509794084, 'smape_eps': 0.007560726762413614, 'batch_size': 512, 'epochs': 25, 'd_model': 256, 'n_heads': 4, 'depth': 4, 'patch_len': 7, 'stride': 4, 'dropout': 0.2670016025452699, 'lr': 0.0003156892767756196, 'wd_is_zero': True}",COMPLETE,optuna_trial_results/stage1_trial_008/best.pt,optuna_trial_results/stage1_trial_008/config.json,70.89499700803442
9,stage1,15.903437157656317,"{'w_mae': 0.578280140996174, 'w_mse': 0.035942273796742086, 'w_smape': 0.46559801813246016, 'smape_delta': 0.0461184008797794, 'smape_eps': 0.0005934255548108262, 'batch_size': 128, 'epochs': 24, 'd_model': 320, 'n_heads': 4, 'depth': 3, 'patch_len': 8, 'stride': 1, 'dropout': 0.023536914402679788, 'lr': 0.00010900492537293822, 'wd_is_zero': True}",COMPLETE,optuna_trial_results/stage1_trial_009/best.pt,optuna_trial_results/stage1_trial_009/config.json,15.903437157656317
10,stage1,6.471811721002873,"{'w_mae': 0.9501167220878377, 'w_mse': 0.005997182955817193, 'w_smape': 0.26957814595114327, 'smape_delta': 0.031010825638469883, 'smape_eps': 0.024567438537143313, 'batch_size': 128, 'epochs': 19, 'd_model': 320, 'n_heads': 4, 'depth': 2, 'patch_len': 8, 'stride': 1, 'dropout': 0.007060055722292506, 'lr': 0.00011929221522976214, 'wd_is_zero': True}",COMPLETE,optuna_trial_results/stage1_trial_010/best.pt,optuna_trial_results/stage1_trial_010/config.json,6.471811721002873
11,stage1,7.996200283660502,"{'w_mae': 0.9520752162550459, 'w_mse': 0.01080923157447405, 'w_smape': 0.2559459628466795, 'smape_delta': 0.025839067823871034, 'smape_eps': 0.036291631659265015, 'batch_size': 128, 'epochs': 18, 'd_model': 320, 'n_heads': 4, 'depth': 2, 'patch_len': 8, 'stride': 1, 'dropout': 0.0031056913261956432, 'lr': 0.0001303291639814937, 'wd_is_zero': True}",COMPLETE,optuna_trial_results/stage1_trial_011/best.pt,optuna_trial_results/stage1_trial_011/config.json,7.996200283660502
12,stage1,65.03437014082309,"{'w_mae': 0.999362438641551, 'w_mse': 0.23516380473486825, 'w_smape': 0.24468829264494196, 'smape_delta': 0.024324536749793298, 'smape_eps': 0.049101994747419546, 'batch_size': 128, 'epochs': 18, 'd_model': 320, 'n_heads': 4, 'depth': 2, 'patch_len': 8, 'stride': 1, 'dropout': 0.011148068719646582, 'lr': 0.000119224198794395, 'wd_is_zero': True}",COMPLETE,optuna_trial_results/stage1_trial_012/best.pt,optuna_trial_results/stage1_trial_012/config.json,65.03437014082309
13,stage1,8.223985059043846,"{'w_mae': 0.9861490989589965, 'w_mse': 0.011071250035137922, 'w_smape': 0.23017083091289153, 'smape_delta': 0.02623112633375553, 'smape_eps': 0.04130921594447785, 'batch_size': 128, 'epochs': 18, 'd_model': 192, 'n_heads': 4, 'depth': 2, 'patch_len': 16, 'stride': 1, 'dropout': 0.08362986317225649, 'lr': 0.00017850705608912158, 'wd_is_zero': True}",COMPLETE,optuna_trial_results/stage1_trial_013/best.pt,optuna_trial_results/stage1_trial_013/config.json,8.223985059043846
14,stage1,159.81527611640206,"{'w_mae': 0.8276150475634181, 'w_mse': 0.7071944785663509, 'w_smape': 0.3134581824748701, 'smape_delta': 0.005852479669985442, 'smape_eps': 0.018074534054791102, 'batch_size': 128, 'epochs': 19, 'd_model': 320, 'n_heads': 4, 'depth': 2, 'patch_len': 8, 'stride': 1, 'dropout': 0.1338188542662369, 'lr': 0.00018626419516034663, 'wd_is_zero': True}",PRUNED,optuna_trial_results/stage1_trial_014/best.pt,optuna_trial_results/stage1_trial_014/config.json,150.70276930004965
15,stage1,108.48036727280139,"{'w_mae': 0.7740319103611867, 'w_mse': 0.2447505339428847, 'w_smape': 0.04839110284796494, 'smape_delta': 0.024997608560365814, 'smape_eps': 0.011029855522202191, 'batch_size': 128, 'epochs': 22, 'd_model': 512, 'n_heads': 4, 'depth': 2, 'patch_len': 8, 'stride': 1, 'dropout': 0.0560237034101225, 'lr': 0.00286098419436016, 'wd_is_zero': True}",PRUNED,optuna_trial_results/stage1_trial_015/best.pt,optuna_trial_results/stage1_trial_015/config.json,108.48036727280139
16,stage1,94.12208288734915,"{'w_mae': 0.8713717027206619, 'w_mse': 0.3102300050492796, 'w_smape': 0.1548278947576827, 'smape_delta': 0.013241776811782588, 'smape_eps': 0.004499239949789622, 'batch_size': 128, 'epochs': 18, 'd_model': 320, 'n_heads': 4, 'depth': 2, 'patch_len': 16, 'stride': 1, 'dropout': 0.12802959160247354, 'lr': 0.00043164285852818885, 'wd_is_zero': True}",PRUNED,optuna_trial_results/stage1_trial_016/best.pt,optuna_trial_results/stage1_trial_016/config.json,94.12208288734915
17,stage1,45.97834498728021,"{'w_mae': 0.6799557805561157, 'w_mse': 0.11276849870353095, 'w_smape': 0.28392500661834597, 'smape_delta': 0.034823889934382166, 'smape_eps': 0.019750479649649277, 'batch_size': 128, 'epochs': 16, 'd_model': 320, 'n_heads': 4, 'depth': 2, 'patch_len': 4, 'stride': 1, 'dropout': 0.1796079551904507, 'lr': 0.0002561894608606315, 'wd_is_zero': True}",COMPLETE,optuna_trial_results/stage1_trial_017/best.pt,optuna_trial_results/stage1_trial_017/config.json,45.97834498728021
18,stage1,133.47253595948118,"{'w_mae': 0.903833518329417, 'w_mse': 0.6551375053214055, 'w_smape': 0.5412280810741676, 'smape_delta': 0.09736815049270002, 'smape_eps': 0.023268770956499995, 'batch_size': 512, 'epochs': 20, 'd_model': 512, 'n_heads': 4, 'depth': 2, 'patch_len': 6, 'stride': 4, 'dropout': 0.0038281992939669736, 'lr': 0.00013979846690376265, 'wd_is_zero': True}",PRUNED,optuna_trial_results/stage1_trial_018/best.pt,optuna_trial_results/stage1_trial_018/config.json,133.47253595948118
19,stage1,6.552985847621154,"{'w_mae': 0.6705240736482423, 'w_mse': 0.003504503274137651, 'w_smape': 0.14028083406923358, 'smape_delta': 0.018174371989771756, 'smape_eps': 0.001542429408475208, 'batch_size': 256, 'epochs': 19, 'd_model': 192, 'n_heads': 4, 'depth': 3, 'patch_len': 8, 'stride': 2, 'dropout': 0.05641790880976126, 'lr': 0.0001501778087396426, 'wd_is_zero': True}",COMPLETE,optuna_trial_results/stage1_trial_019/best.pt,optuna_trial_results/stage1_trial_019/config.json,6.552985847621154
